x,y,labels
0.4159407192696194,0.1557586274312801,0
0.08736714170651849,0.5456988858197213,1
0.7814468331433589,0.135478306748254,1
0.9392458554216563,0.561197013255002,1
0.2617535941762147,0.18866489230133698,0
0.734653494616419,0.1324754204405425,1
0.8991805250639943,0.5957974713459082,1
0.06718290962058382,0.02328941772026205,1
0.9106777638702038,0.7645774565585066,1
0.9711584233189221,0.2672030186559947,1
0.7361946102470176,0.16339411884161292,1
0.22676291747695232,0.6039417694713488,0
0.8663242690082485,0.29302175603247493,1
0.6779832469040417,0.039228251868967834,1
0.18007061533149293,0.4910608748173273,0
0.5681653342499585,0.5206202289165157,0
0.4644968973472703,0.7021738150404075,0
0.9207424495027471,0.25898797944750496,1
0.49185046231773644,0.9294643747201775,1
0.9670465635421889,0.3257926041210607,1
0.7259025624581567,0.3875537831158564,0
0.30813993269742757,0.7227896540056052,0
0.3773989102191605,0.9968403420799564,1
0.32437733153395343,0.5986982005472167,0
0.28104780306021737,0.49386492632185175,0
0.5239170286203748,0.9357173689068681,1
0.38625268749342967,0.5118054295801262,0
0.20311480889035738,0.39884025381010013,0
0.6879441878075409,0.13176095262030685,1
0.3863325370517464,0.2329958002163538,0
0.8966415608998336,0.9493743709428787,1
0.4204367780829458,0.7064781903639955,0
0.47439205191511236,0.1337290740780922,0
0.7091561860591848,0.4749505228457849,0
0.6357146731509419,0.21351653252963276,0
0.4213089874982895,0.7929997916056,0
0.9387229294639171,0.422069331485988,1
0.48106683296274044,0.6873660825676289,0
0.17434816210925674,0.636912700834857,0
0.235625429625558,0.6932882630594043,0
0.4856803416181724,0.9409507842642062,1
0.29731484905330174,0.574356741506162,0
0.7108544788508916,0.9718844753463848,1
0.4693810225549504,0.4602256696784546,0
0.7765653754069347,0.554533235544445,0
0.7590156286212388,0.95090101493436,1
0.003098438115947122,0.9783283544170286,1
0.23164193227880836,0.6977724070290736,0
0.42387345952245814,0.5365931239844367,0
0.07826674876890982,0.12408818679129852,1
0.9658472647411118,0.2675251238372187,1
0.4832600347676659,0.7640819569106045,0
0.30983840367369464,0.5848906314488191,0
0.5460117527090805,0.9886015778978727,1
0.6435791143275741,0.21446797919701976,0
0.46420765646107687,0.1215950670613879,0
0.20922581708453358,0.6975447791042644,0
0.274369455169721,0.5496976872742285,0
0.6225824501415066,0.8494044355404516,0
0.022944794027679905,0.25959491008162816,1
0.8142135845761558,0.8725004975885463,1
0.8327622542936088,0.39668152564243253,0
0.38165995685057963,0.8556718730563582,0
0.023861945200156276,0.6557511928671955,1
0.07883564141497912,0.8992098022487794,1
0.6755837841706468,0.6371305573454189,0
0.020302045572926364,0.5379765123744139,1
0.04550346786809567,0.5182195388407901,1
0.7100752678738785,0.7040222958585196,0
0.4549790382543355,0.2638828364018184,0
0.59634103040145,0.23792380501468324,0
0.6498501034409604,0.12046670441789231,1
0.2693973127148771,0.9636581665519068,1
0.7042539426961689,0.6236349544541584,0
0.3194560632729989,0.009276198724957219,1
0.27219308107621787,0.6397772155764739,0
0.7702442572325102,0.6938029225545982,0
0.18475951065010943,0.9407342056835117,1
0.7291869346291117,0.39595418487847567,0
0.14212983850541883,0.6452340099089574,0
0.8732253812091965,0.367899355996244,0
0.510145240244521,0.40607082475603107,0
0.6751717870844799,0.6611107970823247,0
0.4791498015245026,0.9179096801323774,1
0.8891456263638671,0.7190676868605137,1
0.6852841568562963,0.6013937025731905,0
0.02899930865025635,0.5088606197029029,1
0.30516953767753485,0.8995109018485637,1
0.7330463371995432,0.5462613441374199,0
0.7863866256273372,0.4478154314997107,0
0.12224586581200036,0.208819579125203,1
0.26659611694089735,0.34966118713062555,0
0.4840228980927809,0.18770226569420834,0
0.2668908839083728,0.6273339460093237,0
0.3632503214494015,0.42078617679502217,0
0.13191734954930712,0.015055000439863186,1
0.5907184406143717,0.5913107161558941,0
0.8839356654538881,0.4574504095772446,0
0.025092151364609072,0.9044126933001024,1
0.9915277009117481,0.2988908672773808,1
0.3522499648382694,0.8498852881737133,0
0.026208504840197544,0.9189815459650161,1
0.9824553544951783,0.9912348959266375,1
0.044620735743628126,0.7394491368875894,1
0.8751410321504747,0.6700061610173089,1
0.9447623733680094,0.634797437772548,1
0.04461716975689567,0.6127054333144109,1
0.3442563787262769,0.2832840537154283,0
0.7163166381547947,0.2310468194068761,0
0.27646012158306066,0.5723656561167216,0
0.19587523440814214,0.7269165728449825,0
0.5374098228522908,0.27825097283996647,0
0.10105334740261984,0.6832850539819387,1
0.7931650142292216,0.008225798867399603,1
0.505220767813934,0.714742683520493,0
0.49644142889941256,0.8909657882483871,0
0.5636899730741091,0.8403858831141539,0
0.5675903299529469,0.456419523223381,0
0.6872749442594671,0.41093520479656287,0
0.13216098625188277,0.8790792105390725,1
0.05220252808657744,0.5936488277035288,1
0.944919354912812,0.40332918618448066,1
0.8763542424424032,0.11855451278795748,1
0.8519086710950261,0.018337336623244993,1
0.7893775777067481,0.0072300992079283866,1
0.7049426600967937,0.33524691648800076,0
0.9470255519779351,0.013883240272016373,1
0.29708193474456157,0.18300924143094,0
0.5210317692679406,0.7969518053472955,0
0.32461465331509054,0.20187633069273514,0
0.5233656846092015,0.8223811239043052,0
0.25469142071608997,0.47904785077972567,0
0.8170502111927571,0.5343736029955123,0
0.6345004311409765,0.7533631279268116,0
0.6498221134664397,0.1861456611595056,0
0.03994330288317083,0.23592492172596569,1
0.5382582553535409,0.1788273816152074,0
0.5494470667139081,0.5943461571235243,0
0.07891947908973906,0.021170147176756582,1
0.4385371160628,0.6633621632430251,0
0.18806810590525358,0.9586943005970885,1
0.3933064056973208,0.05884503203923486,1
0.9635623773301595,0.36234307819154754,1
0.9184052489898666,0.7734829524100625,1
0.535040178565724,0.25949053816817147,0
0.8683796399030751,0.7933275973772582,1
0.4923177026112129,0.3968805201026663,0
0.71218671091154,0.7074411019287752,0
0.2750382241471142,0.008203852031474113,1
0.1942984533297376,0.9109624708006311,1
0.6827334632111862,0.10151791268272603,1
0.026605177130000657,0.25870480791060946,1
0.9245794292641952,0.587293398991491,1
0.48221393155210035,0.13239930055113636,0
0.7332940796325231,0.40168594707502125,0
0.2357009683256407,0.17683939452577913,1
0.0876467879477627,0.9776572903116718,1
0.42954190806701964,0.9204180968753837,1
0.7757773057621106,0.36197559082933994,0
0.8123870210670331,0.22257114382808152,1
0.7001992115724922,0.7986114026523432,0
0.10086547142463886,0.3680919676257717,1
0.7799254953987403,0.14099420444619104,1
0.19637333111044608,0.37016217094786596,0
0.3068944914701629,0.2507084016908596,0
0.22713984419613942,0.42832472743323335,0
0.9914234097457103,0.8281191189861402,1
0.4324990939534905,0.987266693522837,1
0.6465232790711184,0.7860240867001065,0
0.5167024359385275,0.3837051299968447,0
0.4743848395639111,0.45210897493105884,0
0.9315441555107966,0.011419273477023428,1
0.6987378615568814,0.6396826230804294,0
0.9417042261065334,0.3523914370391684,1
0.057970676280021505,0.9791230986059571,1
0.11666788365010627,0.5258688969952184,0
0.4409668866632359,0.08188337543481561,1
0.34966699679209257,0.7085999092087881,0
0.8056574567265633,0.8006736597889151,1
0.0037082887926034314,0.9243677979159997,1
0.47986922250082864,0.8805924232453898,0
0.786363866820897,0.8325759114931394,1
0.9831444072291151,0.3586223774257571,1
0.2974611381919665,0.31149579506138725,0
0.23262859876380892,0.14022592842036707,1
0.6880792926172081,0.15092180785969445,0
0.9273032901129113,0.5496239603971956,1
0.5426448574821281,0.9488918435917439,1
0.8654388222060455,0.6753704437773494,1
0.27870693860844076,0.932758994322302,1
0.12645920630399599,0.14945263386290097,1
0.8454500971190951,0.7092078661638639,1
0.03644275148777876,0.20259798001052565,1
0.7402776830576006,0.2902309423006313,0
0.2337117882646259,0.631490903121399,0
0.6694124631439069,0.9490283661624284,1
0.271746242360725,0.177876529783071,0
0.10998243035896393,0.42083751905406375,0
0.9810491227584727,0.303013831233101,1
0.45796556044673853,0.530987894163594,0
0.822001728552942,0.3153138230910155,0
0.044246070348012534,0.6880531523490376,1
0.8714538315564055,0.0610889352505567,1
0.47995735205238044,0.9781137416015544,1
0.26928688478759977,0.43874375577062574,0
0.8190803312115572,0.9469992572651739,1
0.07097519446980949,0.09722415486496805,1
0.804301840319889,0.552618447679379,0
0.22548364402292587,0.525023028800611,0
0.04603603896766262,0.14906276013625908,1
0.5074909466087476,0.7248686175652075,0
0.4330092518366021,0.8246233199516856,0
0.4475965856996501,0.05974945979540425,1
0.8566238639664195,0.4119747069314478,0
0.3155543006023641,0.1001035366064763,1
0.8699380838896077,0.5309372524442416,0
0.9032207123423748,0.14476237987745133,1
0.22502338388273102,0.01035215376524623,1
0.427688620896561,0.05473404309059249,1
0.29636442694180487,0.7741376728375954,0
0.17033628639030385,0.5859566123535457,0
0.45884171022925957,0.12842939173791534,0
0.4148324695478478,0.8206020737099509,0
0.5702941653346261,0.8259406796816195,0
0.7870951289754151,0.4543588777364209,0
0.47663959329202976,0.19872273528738582,0
0.21494469335018573,0.1259082756457256,1
0.2896912563366376,0.7767945087500191,0
0.5978577538017394,0.6928645999154055,0
0.642588067500727,0.46963114609948264,0
0.10186762455584408,0.8191183104081483,1
0.35738219983259045,0.29256359859168735,0
0.5825826317456426,0.6982324061973652,0
0.24312602287031082,0.9604546212452958,1
0.6100138144702075,0.6401971415593014,0
0.7841184786669197,0.06175564799049105,1
0.9260204638257411,0.2007192885987935,1
0.6801093452943003,0.43223127021080243,0
0.003092052939238643,0.7242431359953424,1
0.29471370421553766,0.15868857955613713,0
0.15913561673655285,0.13803985524539863,1
0.7212749116186675,0.22837619916623697,0
0.8508473051386659,0.6150498188110436,0
0.39886505191402877,0.0875281428606729,1
0.042356026383060685,0.11459357197873765,1
0.32360553846828954,0.032484791009000924,1
0.43385134399303715,0.413665769428173,0
0.06949913910976624,0.7709625950793078,1
0.11805253433612906,0.10317909928745694,1
0.6883037879577693,0.8687505874326197,1
0.5675956821274746,0.4931441210565207,0
0.13112462541297576,0.5669415579132986,0
0.7055852264907133,0.8684954444360464,1
0.859662393628495,0.5433621084142342,0
0.08601197847489117,0.7137599097321383,1
0.856497901092343,0.38589578985272,0
0.653048735894355,0.6359265743632033,0
0.537461582257853,0.8308662073464729,0
0.8037220357824016,0.7124758885356447,0
0.8197666442852793,0.19665648708151617,1
0.2863485498888072,0.3518728407058159,0
0.35502811977510174,0.9226395349612484,1
0.5471344535289075,0.49526824073676823,0
0.9471965728380888,0.026477050114635525,1
0.5712261533936949,0.9514129944002997,1
0.8974647155963963,0.046802521502160466,1
0.08910243451774591,0.27573745468342004,1
0.29463755648817236,0.9221516981381525,1
0.45495323055010894,0.10563612824438706,0
0.3696290128188833,0.7253161123246404,0
0.9322948685594722,0.5790310053930062,1
0.11459917074917403,0.2547012283726918,1
0.39981809515539213,0.7552117511710994,0
0.47244832116482494,0.2410312677753137,0
0.9427797802020969,0.6328507783518759,1
0.04886914486192151,0.6535033863881604,1
0.8853469150984817,0.5947922216563644,0
0.7817233679172475,0.5565340825222662,0
0.08720734196103042,0.3979512670971015,1
0.5801140595931635,0.7789358367261395,0
0.257881057951621,0.11566104736587757,1
0.494863770811368,0.2725748233518285,0
0.3582350308661102,0.9569347188456275,1
0.4589564614728949,0.18772241861823635,0
0.05690231039301075,0.047202130832291966,1
0.9519049687607841,0.027147819097205872,1
0.3498323426869713,0.3237317209264633,0
0.23638169701193446,0.7267905146709226,0
0.21018030070287164,0.5655101425639547,0
0.32323412779094607,0.5426768666622509,0
0.9950116622842573,0.31397979370191664,1
0.5455734103424541,0.9964690835229459,1
0.7367480807375992,0.3160149932159906,0
0.13579218622798273,0.1585367932371693,1
0.012129904592405927,0.3785874286552279,1
0.46731777013743137,0.7024789287806891,0
0.3666445187694827,0.5933655727657419,0
0.6935051052522863,0.9619819899864747,1
0.44151577885687865,0.06278046832822826,1
0.09461596933499539,0.20508202130009734,1
0.7521015651125448,0.8130252986837159,1
0.005091055177229076,0.416361008720603,1
0.18199091368703169,0.9427476274172444,1
0.7003721417141174,0.8889518703644056,1
0.5564179929852734,0.7931294164586147,0
0.9640172799844628,0.8095425439763021,1
0.8805582761044238,0.5398899165315395,0
0.2585220422851726,0.39827140785708137,0
0.9480297482926201,0.9729950045914356,1
0.3050980786053731,0.408025739824032,0
0.9460083372319024,0.5828014408897646,1
0.05132379249817076,0.2984520062519789,1
0.9236189401381447,0.6202189548997508,1
0.3252030070767933,0.9936430315767552,1
0.6569009055242373,0.23880314321494733,0
0.7301703037977245,0.3689210236378119,0
0.5253976396551302,0.30507432053714356,0
0.7082862521200549,0.36047172083923684,0
0.8024323589289929,0.3850705862039706,0
0.9260101342125044,0.6159879850984364,1
0.5105550020300483,0.9092621439309004,1
0.09211268356504154,0.8173141094871776,1
0.2900189695311377,0.36140416860922264,0
0.8187580896841121,0.6214855167815935,0
0.488254108787898,0.7866755697282388,0
0.5715412636019495,0.7239050061766671,0
0.3878925513737391,0.16619170330644883,0
0.6172560938566847,0.4693273512386239,0
0.4900786356399668,0.3468853534471702,0
0.5095042307150122,0.5979754297726472,0
0.26898337252166116,0.33198685223697366,0
0.6001794558892741,0.966418131895822,1
0.4240560863570113,0.40582617892122885,0
0.5501132216320911,0.40713242014607787,0
0.5556314586562298,0.6204106400571182,0
0.7956519448853148,0.31615107604716464,0
0.37772830933464674,0.04059289666650112,1
0.908134574282646,0.2716938345171087,1
0.7411430266143529,0.7799822592415783,0
0.32868150138328656,0.5675381015245682,0
0.49044926504326436,0.3144921902119441,0
0.399513319914632,0.5536630687858939,0
0.03397569624398222,0.7861595513818993,1
0.028132359121646577,0.48280579473564067,1
0.3360062712617411,0.9608696109093875,1
0.9222608918534521,0.8883875042530672,1
0.6343944337550169,0.47498305749439085,0
0.0800873803465384,0.5802745334600586,1
0.29258671849017037,0.7792729909825151,0
0.88499533990353,0.17290513871142765,1
0.9124849199233555,0.5526976409225585,1
0.5135672109508395,0.4186579360844679,0
0.3647800747554508,0.5261721579252586,0
0.7589463656270757,0.8273219831646231,1
0.08333787565646344,0.6902346030493144,1
0.428631760240036,0.8142566882061434,0
0.6177377151876164,0.725541435963284,0
0.3720329228707141,0.2271553010885724,0
0.14297009773524771,0.2673252084415675,1
0.8875223027760526,0.9233455556410007,1
0.8467360037940183,0.21247597358796977,1
0.26153657778391326,0.758124067804843,0
0.47614970330963935,0.8108075245568612,0
0.26074467045569616,0.9398625739786014,1
0.22126045274216766,0.3729326763415809,0
0.9871546229704333,0.48467910902735,1
0.9562024856779114,0.7934098794900633,1
0.5749881210991161,0.87607085981622,0
0.3981006079715381,0.6590766361976004,0
0.8242341861516427,0.2620558922524229,1
0.3788865909698379,0.9165837526621378,1
0.05002912678306004,0.4834060087383403,1
0.1769994290478667,0.8925106767090222,1
0.33485093653833553,0.9949999407483273,1
0.08222808789278346,0.9629055193940037,1
0.9602456791930892,0.923392911649495,1
0.3258110855721622,0.06750266886382794,1
0.19736168037740143,0.19516267844264867,1
0.9329238073593266,0.4449041718731269,1
0.01945050592988673,0.7838751030485351,1
0.4327021970304493,0.8833247667123884,0
0.3401730685028952,0.6112441241854824,0
0.9179541385949538,0.6160652601311009,1
0.5658034189201047,0.6924808166554467,0
0.5596860067626052,0.16002534648470756,0
0.17321175839033698,0.2839860096964719,0
0.20886705406271655,0.7601549001879623,0
0.39555067234890207,0.4737663226453874,0
0.08968416256925882,0.27735662451823884,1
0.7982237844117146,0.827757681642233,1
0.07203948004716154,0.5549702305994321,1
0.2044307229699337,0.8953466160992609,1
0.27988242861108537,0.853936695173173,1
0.47262580855926584,0.27119710658085205,0
0.364967043234809,0.5508071595670394,0
0.8394987597122772,0.27024465523074426,1
0.8886354910241666,0.738588008745117,1
0.8627095829018692,0.3850206785494531,0
0.7882809070766086,0.0089480070853164,1
0.3735047819920546,0.0886490384439923,1
0.07838488295269885,0.7067168128092404,1
0.5437345736349997,0.9949434623797534,1
0.42595936116212674,0.4516548462495924,0
0.04506926790863863,0.11378765295221949,1
0.2789655462917099,0.26469073117931896,0
0.4208171745808019,0.49259755324880494,0
0.5374567484259917,0.9747892578847059,1
0.7008267113071641,8.727465506197518e-5,1
0.5101694305224403,0.7721709644213218,0
0.5233892744796993,0.6713801794751066,0
0.7292138959160614,0.7565016433752091,0
0.6003676642186463,0.4598369545185207,0
0.7739617005590075,0.33062690631139113,0
0.6685110976834027,0.23683163517076,0
0.9812181796743096,0.04082557807414566,1
0.01423838445791159,0.32608996534513124,1
0.4386539830495748,0.270824496958033,0
0.48816485650722974,0.39899031356605397,0
0.4035726704099719,0.463195169053062,0
0.43839020371827775,0.792645349487683,0
0.9609319701046348,0.3052334949640281,1
0.9430669944107265,0.4270357102689235,1
0.7044915107879778,0.7138430451253499,0
0.04053583646487113,0.5768599835026778,1
0.5893525335419122,0.6275048036160554,0
0.7570246277330969,0.45813287470912967,0
0.07602688704038862,0.5193275162578839,1
0.04123874336314781,0.4807466533968927,1
0.7534769818895095,0.1248635633438947,1
0.13019380440938844,0.8713664519096885,1
0.5455163536101568,0.5170612352893958,0
0.4159154287941126,0.5114164098308434,0
0.027762263052095393,0.0309419061446099,1
0.5790129863649293,0.02527771414696256,1
0.3097709032352073,0.13677673087024933,1
0.8754500708554337,0.07465696855765414,1
0.8149556212161868,0.7474020840466831,1
0.5520568928002632,0.38911078191655457,0
0.03826929680048674,0.2905718975603925,1
0.1664052382011718,0.6882714820779263,0
0.23804512573687298,0.5141693906306395,0
0.7846375657381373,0.878570716091971,1
0.7364042043726287,0.3454932675832898,0
0.3380139540435676,0.9054068615479731,1
0.4041090647491017,0.12051973947079841,0
0.6043366552421859,0.8411572499427665,0
0.7904441643040031,0.7263986214965844,0
0.41238245502680493,0.48727310424467096,0
0.6595387919078652,0.5002774472371216,0
0.25205156356470626,0.3301984211436608,0
0.03997949644131382,0.6681306418115979,1
0.4328480552592011,0.05958896073058095,1
0.4260695989790325,0.06860745757785391,1
0.020943571448483245,0.301637062353752,1
0.4945151369310773,0.7404398314117427,0
0.25805075551462453,0.08469271657734678,1
0.7583504440393551,0.1771837916785013,1
0.3534165382740959,0.26367264604979024,0
0.7438439040243051,0.49522529261177073,0
0.24496419873808561,0.4558651115346458,0
0.2272668403175062,0.0891331720674563,1
0.7446290767738659,0.26611740400939166,0
0.3419868190621844,0.8550637632248103,0
0.9432179647687878,0.2443772579684792,1
0.4211819746277151,0.7004197854875752,0
0.5076315269941272,0.9538999947692087,1
0.35323929402558396,0.48986572329769285,0
0.6755782172841106,0.878556079869941,1
0.18700451551795594,0.5683951809775382,0
0.5930456344658175,0.6485010411394605,0
0.8309062685616048,0.8370389094477191,1
0.8432957911306189,0.6224807115704201,0
0.5451424358210387,0.308008501311945,0
0.3638747198931934,0.3978307136050826,0
0.12441237695264484,0.6012128583502,0
0.3481545914177133,0.3868312153558866,0
0.16285278940329873,0.6998848832831953,0
0.6065684586247356,0.6666470700187922,0
0.9585586619036545,0.1770887697959228,1
0.1123660647915703,0.7948474074077169,1
0.1960497976216129,0.7551680740630964,0
0.29267518103198886,0.9186671741637109,1
0.3920161443283028,0.44549333859877216,0
0.9129087866994106,0.8415884733391749,1
0.10624657490189515,0.8848132478949249,1
0.1670667003791384,0.5928078416217017,0
0.2903590155656285,0.4464042133799784,0
0.06347331853814253,0.8087114029001307,1
0.3715379909131661,0.9129220297459044,1
0.33459622014927226,0.6823584060283349,0
0.11570837104347176,0.33116116641023274,1
0.8332690304821803,0.2990525470485511,0
0.423218604081003,0.40938817851830234,0
0.14201225301234033,0.9313571059410257,1
0.6981738077385473,0.39735048745935353,0
0.4477345463660801,0.2736577673736974,0
0.957543849207433,0.00031548059114749893,1
0.036659822246906226,0.1273209962802374,1
0.6333392498655772,0.745465527806398,0
0.739449179821235,0.8704097258733525,1
0.3924644939566385,0.3671189359331922,0
0.6831305265982001,0.07932185290057903,1
0.16304825723310767,0.7598826670248757,1
0.10219401468866729,0.23737298262252482,1
0.8575763823180872,0.7224605235528456,1
0.17739176135923074,0.5798265453449811,0
0.5814851835870105,0.8701694697556793,0
0.5432802062501596,0.26264292183286264,0
0.45344644432731795,0.18747701284130702,0
0.024248482771703772,0.8982154125403435,1
0.11875637051652665,0.060952185452975205,1
0.7610119801529911,0.33079850430836266,0
0.4947638874546362,0.11805591837221463,0
0.4304067036306497,0.5851560920751538,0
0.9372652791248614,0.7347818120208982,1
0.8380779530231539,0.7753900999236871,1
0.08615880546441845,0.13373230510483036,1
0.5388234402591304,0.1348703193046875,0
0.04742409658587099,0.5807644075921921,1
0.970510332727874,0.5585333970009208,1
0.6510051819299472,0.056537603036248774,1
0.24600196117100703,0.3083667398054287,0
0.09545174262476985,0.1765801639911111,1
0.9164964572465022,0.5780672789935,1
0.8424137249767126,0.31323332338953,0
0.8462984405318683,0.2791978843481615,1
0.36713302425064187,0.8962631100780304,1
0.8682676822445136,0.38120772546812964,0
0.18616150451240665,0.5767951925168047,0
0.4501642696528163,0.1428160386199877,0
0.12267642228297004,0.06158379170704775,1
0.6637368909440928,0.7036094955910743,0
0.4899791637383798,0.5289355437424512,0
0.68019406048599,0.9184975857642415,1
0.8354196784251205,0.49384547990716576,0
0.49478419007748864,0.9071417659036836,1
0.9854804587396633,0.513960244726,1
0.13361007384275103,0.1323754864929706,1
0.4551877804251021,0.7133757364036156,0
0.9998342873998031,0.5520825202342518,1
0.6892191361606536,0.17203262421310073,0
0.24513815783785775,0.5443290622617938,0
0.27714972410217786,0.6572391344676827,0
0.4724641467538553,0.1596233246611659,0
0.9878054640398378,0.4391897136337457,1
0.06877197624271525,0.30028713160621345,1
0.2768015107093701,0.2968185871514377,0
0.09703851849497547,0.926970234119169,1
0.3632646501521012,0.1657456645720049,0
0.6632218939329557,0.12554523724127897,1
0.5506158410641944,0.16087004621812073,0
0.3302223818998904,0.05920432536809661,1
0.35283262348845956,0.2440505529828183,0
0.1421032620116638,0.13758086570456585,1
0.7641688009526045,0.8341967776084469,1
0.0488043818846442,0.3940799880261667,1
0.012551145116795004,0.015447343503505295,1
0.9094327718982116,0.9922919225523636,1
0.5046849913015293,0.714467018989904,0
0.9071151579548827,0.3786291372629227,1
0.9547613340207487,0.13015948670287125,1
0.0795786958884861,0.0945784274619138,1
0.019741607208385692,0.15016518654137712,1
0.3898735774560843,0.9914758197194654,1
0.12583758778270981,0.4999421654787808,0
0.5507400396414286,0.27516139071442236,0
0.5783228726456869,0.9208317152076632,1
0.6278205265398289,0.750954818126986,0
0.06031593471670238,0.6899453505510997,1
0.2594361882470829,0.7845739654514724,0
0.25849462422982117,0.13901212582562084,1
0.39430608882027474,0.5636465617158246,0
0.6741602182564004,0.04001144023616354,1
0.5708867053028686,0.16365750630705633,0
0.15753406207521425,0.7370374451126039,1
0.6725520148487214,0.45234407997555715,0
0.9233966037373565,0.9018669879304225,1
0.35066596654115145,0.8501549430790059,0
0.07379797639849783,0.08329408520966508,1
0.31815705047140663,0.47176720807296735,0
0.11524689304388236,0.8974975390773775,1
0.43082275067225884,0.28831963966240404,0
0.5127022481673571,0.5267516949986796,0
0.21319993563862438,0.8073648253636757,1
0.7523252329014761,0.9639673551409864,1
0.0919391828136581,0.8682665935660903,1
0.8120870894111731,0.9580038583501783,1
0.4311289989576629,0.7332699557157949,0
0.09935549385563891,0.0960828255055125,1
0.3832449432482219,0.021457667852957774,1
0.3962841790288979,0.3410671807331562,0
0.6734469667965872,0.06260581610987348,1
0.0011899002308486395,0.4063482811990322,1
0.10889347505129798,0.8548406241441845,1
0.22306966970164321,0.7538871208664161,0
0.12181641428099421,0.12672196369801925,1
0.26803630105160403,0.3451082728389909,0
0.7095126668288989,0.5986795251203115,0
0.8336441147409468,0.3405094702482149,0
0.30300429708331056,0.3193378255928986,0
0.9947688144688539,0.4716578613978525,1
0.9474699177743033,0.6970185884982192,1
0.8005565759220843,0.18697866089871007,1
0.7259657451497197,0.8310540509411847,1
0.5801690815048078,0.47329523535119944,0
0.8182482250990437,0.8153698430836491,1
0.20481387522293393,0.41640009762101526,0
0.33537383932310283,0.5433618288699595,0
0.9062570728978044,0.6691758826622521,1
0.8567082244357237,0.6398569994504233,0
0.5792310065078193,0.15295781568212174,0
0.8088750791922822,0.045799221204036455,1
0.988565027626456,0.08587427916179147,1
0.910945239887444,0.4412413736887263,1
0.801721515619741,0.7539005278726794,0
0.8948307197508161,0.7997870689176788,1
0.7083529181099514,0.6264994488859855,0
0.11608667828880781,0.7753046392979078,1
0.9647188591215337,0.5093783276812501,1
0.21465223293050817,0.37508132640511005,0
0.3465465301946765,0.8543794704898982,0
0.026938780316935973,0.3218170162621984,1
0.40738595949862,0.6480015228465977,0
0.674084848200556,0.033944651165686124,1
0.768647208655987,0.2396426487943687,0
0.6211443816647136,0.9665947276484672,1
0.5405264757285335,0.7190812754420707,0
0.7462964732277204,0.28199346669777514,0
0.7236350748127368,0.7461438250079531,0
0.3448269825121578,0.4576443254922933,0
0.32497597478521034,0.9817143736875708,1
0.0747889410355993,0.597681237572058,1
0.6638922744453092,0.37778753622274464,0
0.3575286799122084,0.9482006078140941,1
0.16518632294229474,0.3205907085298987,0
0.9790800133986381,0.0044028953187815745,1
0.9830215520510844,0.4636906087771877,1
0.16886314405191205,0.9395752228623855,1
0.2971039302441514,0.06448705394383814,1
0.16616243452126367,0.5384664400670197,0
0.21097555443445604,0.7371761596390904,0
0.29559609752507177,0.13448675794442566,1
0.8609688711604692,0.20595253229008215,1
0.03231557145991237,0.8874861799529671,1
0.08551710417922886,0.4029953221479923,1
0.7217848262340394,0.07590626377143783,1
0.5048558862848033,0.4792299041030905,0
0.47710578948445237,0.882795834239871,0
0.6675211368151384,0.32316193878005495,0
0.4806387093860476,0.07262630640696688,1
0.4610710044435511,0.18933670829447635,0
0.007966001672036649,0.6684104802613906,1
0.9437336149528803,0.8996397188479239,1
0.5500426198396047,0.773540739694846,0
0.22516990995361919,0.429187150818901,0
0.8279816626914955,0.4559976883037098,0
0.15303145172700006,0.256591811438179,1
0.19120440321685173,0.49704272955845996,0
0.15092284652316545,0.34528749526400615,0
0.09444324482524324,0.23133279678306173,1
0.6966102433871154,0.605293204348013,0
0.20135285756618793,0.6133346815924078,0
0.965888011473037,0.5971391707081821,1
0.13848288765259753,0.14461215872883804,1
0.49671075084013216,0.4247375983547794,0
0.2620179446538329,0.0027480949706141233,1
0.1072696964165909,0.3915486627507674,1
0.5817742906746113,0.3393292031430353,0
0.417747629490282,0.7903772363247888,0
0.017035883661114415,0.06573416544606903,1
0.7268929356389604,0.7099632654517105,0
0.2904513106822636,0.8652099327438049,1
0.7193164599185135,0.16416061328706144,1
0.959299761887203,0.941512748918967,1
0.7316963415601835,0.7512325955689072,0
0.9741066774298528,0.5060835308615097,1
0.12929914296037415,0.13034152883195949,1
0.6803397830635225,0.03237194529297982,1
0.8910408878394119,0.3014459380599317,1
0.8889079553739473,0.4809590099399037,0
0.995330242697723,0.36601370736095606,1
0.8670513337215167,0.24173668608124455,1
0.22278356731769955,0.8048830383168502,1
0.9657839236136092,0.46670155824358905,1
0.08515856672006517,0.9946588085463093,1
0.23090483998603284,0.41253857581550224,0
0.18597930318539402,0.5241707115179908,0
0.20391515261499749,0.0022679222394650367,1
0.7846084218296617,0.5660057488557774,0
0.10033475164647243,0.10010901636789693,1
0.09229013362108318,0.49414206034888974,1
0.4748818817101479,0.5493635683714396,0
0.24524500641860159,0.03676594307533687,1
0.17005479898908982,0.30648521442560217,0
0.4428897728925558,0.6106393873209747,0
0.6085207384210153,0.029028776938340495,1
0.10695429470029383,0.18333940645379987,1
0.9525003964036229,0.8567660211463428,1
0.396785474975902,0.6426171819811406,0
0.9142869001728865,0.2850780232462897,1
0.18014394481754858,0.3745860365566114,0
0.6286237982331617,0.9015615342538037,1
0.7231115169795851,0.911606862010249,1
0.00943006322764095,0.782959417254211,1
0.7321450693221963,0.7060696606704324,0
0.6719664549218766,0.9083930302162828,1
0.599544663033604,0.5067870842936094,0
0.7220673162530616,0.6267247605066069,0
0.347935951570314,0.571488318754952,0
0.10419699622960743,0.5065629836960852,0
0.7193378032382896,0.615835388145604,0
0.750751863239273,0.8047086264735509,0
0.296034380915258,0.25906439725078145,0
0.04050641909949293,0.44165702966275433,1
0.2505740554607212,0.13492212179017238,1
0.25403543636340464,0.16552192829489865,1
0.43716187097622883,0.8722693868079521,0
0.8304967631014947,0.07255763836632434,1
0.34392888687882917,0.3314937286421905,0
0.9475646520902021,0.1764725180150195,1
0.8556602021487527,0.9313788552985136,1
0.6587752038797926,0.8501407832659533,0
0.48882729303514594,0.5148205412500259,0
0.6826356922310021,0.11298501577116804,1
0.3989626988719507,0.4139288954436767,0
0.778642388382341,0.12220235655320055,1
0.4781233406532981,0.45079698126393863,0
0.9533585189024254,0.6641880074716736,1
0.4439351919461644,0.7421298551708233,0
0.15006266826284242,0.2445909274792446,1
0.8682992101162048,0.23239649616962688,1
0.22852721333668202,0.29828196162790444,0
0.3725536977964834,0.2847467967598468,0
0.6076791252861763,0.80246788125815,0
0.10546771087732709,0.03285908537426041,1
0.8788219509077057,0.6835683539765285,1
0.9859169751039336,0.5532470764438605,1
0.20337399216500163,0.5811708851609928,0
0.9595668900825374,0.1762965998417798,1
0.20918882933034222,0.9563045956016825,1
0.9519992431681171,0.9397144162878216,1
0.9492970896006732,0.2540107611529915,1
0.04389927058187548,0.19488896827207192,1
0.7506285239534464,0.847174940677177,1
0.8262214739786994,0.47617765191790373,0
0.08887370150488749,0.19512030361542276,1
0.7802552807710521,0.020515897476528155,1
0.286673566253589,0.6472461262495383,0
0.6589297813736836,0.33530877938971426,0
0.8066192559189673,0.3820094204655169,0
0.5723004236691072,0.1849897042618459,0
0.5684808557788239,0.7056659565609212,0
0.7005528260717835,0.5421350868785165,0
0.7597915499654346,0.2645059516445085,0
0.300864909918807,0.808807797221012,0
0.09846461611430202,0.07675635781000045,1
0.21630284633256291,0.023427737517467517,1
0.6282715887820564,0.5927626841571978,0
0.3275061776185859,0.27894847903323405,0
0.6986910822835709,0.3039820509278002,0
0.33407899328234014,0.19578222106932996,0
0.22962431009190476,0.571535494723143,0
0.490225735858725,0.8334630513219835,0
0.7905124604326477,0.577185322492259,0
0.19436773154521014,0.2042148768900196,1
0.1271699784148671,0.31728913237405243,1
0.4979862790227296,0.21306480073277367,0
0.5494782275829689,0.21038544702419337,0
0.1689730119067252,0.982523897464238,1
0.9000969225198493,0.7411155885057082,1
0.2595178496589251,0.8465958395657137,1
0.23945377329907214,0.5476547325137091,0
0.9056415787029314,0.9328022236319812,1
0.309928678104644,0.001118072957227989,1
0.3129136583657379,0.3680900368715203,0
0.3593652440382936,0.7531178200147653,0
0.44953026697416976,0.4939454650730145,0
0.1328155288512307,0.10102167564881614,1
0.8038918784035234,0.7015514465565814,0
0.4573941018672303,0.7181830107666934,0
0.6982555443331061,0.40376053079240193,0
0.8209728049392102,0.803631688858354,1
0.8862742361849094,0.9279726318182886,1
0.7631636656583738,0.36316101860602745,0
0.8089716460567201,0.3687866549168022,0
0.8663342542938286,0.9374310538357624,1
0.15611722373349923,0.4082306887275231,0
0.2272203770677963,0.7023322377025019,0
0.1628161617899807,0.28951359558842504,0
0.5504313181185445,0.19387236520212203,0
0.8926819581755172,0.4837678255390572,0
0.5958761990008573,0.24350885880315154,0
0.019965779186745913,0.56212305462069,1
0.8354986181559952,0.49204375765553987,0
0.281690712666126,0.9034803245799864,1
0.4796511970871039,0.6116709631239062,0
0.5178792862628646,0.169262199725557,0
0.4836293499310249,0.6173547580943574,0
0.7395284694454018,0.21237724039773298,0
0.3379588115363187,0.12672900157133793,1
0.7723082487404034,0.01638597213543047,1
0.24835731343124812,0.0417055423280126,1
0.9792903685171606,0.34839657602536456,1
0.11754471351252715,0.10273888861404734,1
0.1657929323689511,0.3280048069855832,0
0.13660286707830682,0.8296774738939717,1
0.7100535483921631,0.2008979397783568,0
0.6983448833102411,0.8190072133006985,0
0.5107458771983651,0.6216022482788178,0
0.5585627953948197,0.04448571256997391,1
0.9238379819874204,0.4914842231137998,1
0.31368872594470176,0.7269476546323975,0
0.6945973114520098,0.14730513541663504,1
0.9790767847741827,0.424114855312991,1
0.8741703103177675,0.17106524592877337,1
0.7960891415231903,0.7902382055657533,1
0.5924707117473198,0.13899191195786398,0
0.8703000751751284,0.9715498390235183,1
0.33058936583006504,0.00880819331445537,1
0.3876985993186909,0.42889370414348904,0
0.5680725931875724,0.14085433693827998,0
0.6459583706450073,0.717499995368418,0
0.8561498265515187,0.3961451397042963,0
0.17497261173345546,0.612403538284949,0
0.4914417552143606,0.9513093929401185,1
0.3145462013476735,0.9365049102186004,1
0.9709741027633747,0.09830511383000518,1
0.9761340577511456,0.16640486641126617,1
0.7994165298471131,0.7916418348112134,1
0.7320137867599025,0.9318799271457244,1
0.6522741366478917,0.19086761143669884,0
0.13962240753600452,0.0691609633496959,1
0.7338447138329001,0.7657360825184139,0
0.25533130260993464,0.3764684425193433,0
0.6175462042084099,0.7709213522649748,0
0.6225680487226495,0.6769295616027006,0
0.05063292343523951,0.27426443255186317,1
0.6141607871986267,0.7148646697038543,0
0.6241319088166172,0.5473872829819704,0
0.7687746879756923,0.8682061569081659,1
0.02905407695492801,0.9462151054171429,1
0.9481726065013923,0.28116665116189454,1
0.1286635933126975,0.5135992104191968,0
0.09203909655203313,0.6394717535653195,1
0.8752795978236035,0.6832479743112218,1
0.47513005403580966,0.060187430729628844,1
0.25886183405110297,0.0008019451881138284,1
0.5083290583812625,0.07819018016424661,1
0.013182662387415722,0.2822483753438757,1
0.0625137099869909,0.09561465548559667,1
0.5403038248389588,0.6755038769064268,0
0.6498510798772974,0.7836139404618742,0
0.5550503349730691,0.730324549082576,0
0.8389380091952281,0.31944873761555515,0
0.6626207790376709,0.7288707458559069,0
0.6045097358535692,0.6419761053437029,0
0.06179150024895963,0.31832162228221905,1
0.9190197599003648,0.7690313315190761,1
0.526577372984558,0.08049836314479608,1
0.9717121027350368,0.9303065530921216,1
0.9234954988625639,0.5149790598195608,1
0.47417075021370647,0.018863795629417868,1
0.9178075646103799,0.5832785794238639,1
0.9652249224929057,0.9164100256166539,1
0.1800468696199512,0.8025646340381642,1
0.16098201149812308,0.26613850787333104,1
0.3705235362468495,0.8085596177039246,0
0.7925958497491766,0.15314763917769014,1
0.9934199861507579,0.14174894639234314,1
0.5703249821529661,0.009230001601827853,1
0.8931066778951738,0.1802065644990002,1
0.9782419271514474,0.19570836586998464,1
0.9481705420085803,0.3218707196029469,1
0.9526526074568821,0.65619024177775,1
0.461862113191414,0.8217377424384066,0
0.06245153363370659,0.5997509302077308,1
0.5527685265222786,0.34443390127733287,0
0.9764119760011859,0.07745162677324668,1
0.7428175573359084,0.9819086747262162,1
0.21044835940500706,0.7755753713114407,0
0.8709690230807976,0.45090628989673187,0
0.36419888182380666,0.20869845850332924,0
0.27536750525527054,0.43370693019250495,0
0.6921304263926971,0.22151781598987974,0
0.8825469544389681,0.3924596595890302,0
0.6246405807013642,0.7613410435083469,0
0.535152203968254,0.9892789229563801,1
0.573446024931979,0.623424532288761,0
0.6171377578017506,0.10084724267739509,1
0.1917442472996964,0.49601577868605273,0
0.19859394092344762,0.8981348708961225,1
0.08718829772472081,0.8943906961288887,1
0.5504765046356103,0.7036596074667248,0
0.19491299539931317,0.9162255847205314,1
0.4508305268880868,0.5171577013120857,0
0.42230032445047283,0.8430392165602048,0
0.8195409481119247,0.8476707050439305,1
0.2680877980664643,0.6490853769908227,0
0.2780476522248786,0.6722069791308859,0
0.8934499727059987,0.16610385992336174,1
0.738302786202793,0.5384194355341255,0
0.5876508317856982,0.7364418912598856,0
0.21836809149117686,0.697762261991937,0
0.7648414691832797,0.5478008428803853,0
0.5505678796318103,0.1808996969921779,0
0.06961878524985088,0.1506198225181894,1
0.4987013840031689,0.6841391535237495,0
0.041921865901860866,0.9593338238896904,1
0.08473140663032608,0.46737759748280894,1
0.6039530312826211,0.30656956160324855,0
0.636309986973248,0.44218135882776854,0
0.8719559475212634,0.657873689228635,1
0.3151611098375844,0.5604606334492447,0
0.574989404442166,0.4854198645373724,0
0.9946997758941466,0.6349690154547663,1
0.2877623521580398,0.3394755837720348,0
0.9545517572093302,0.7430182583523209,1
0.698046225222369,0.08375739807552818,1
0.6073257334693396,0.6710908027391896,0
0.35298010351384157,0.6394391743112741,0
0.8847481265082541,0.4051220360378196,0
0.055359946236363866,0.2061776726727519,1
0.11063242193497136,0.9436882305825994,1
0.6311055591159022,0.5729030190490816,0
0.4603246730001279,0.2860156876080556,0
0.31857898636499016,0.4537640923837587,0
0.34843852444786416,0.8183762760870189,0
0.267337248242586,0.9823426009935684,1
0.16915480353563217,0.5349012712077946,0
0.2571503301432284,0.5277965525099615,0
0.08279510801306378,0.12344920394311731,1
0.37263220923382967,0.6879814336595994,0
0.44411023026073626,0.6942694468448619,0
0.4760856639736657,0.18837493679907336,0
0.6526050672423603,0.38215422525251685,0
0.07731634364561324,0.18154366422823864,1
0.2793774971656596,0.4905961950914256,0
0.9852863577137896,0.6546988798814619,1
0.7159852584824696,0.8185659284985893,0
0.4157642691830161,0.4507197334760834,0
0.501014881641285,0.9265045972292258,1
0.8024970444278907,0.13194757666153778,1
0.5806552756772121,0.6024419157550646,0
0.071897703660606,0.7600355582356862,1
0.7384728810043186,0.24583187638067672,0
0.8999038256944167,0.45196408187414217,1
0.6021074936956409,0.658593674713415,0
0.4974464691695569,0.08841013430483335,1
0.9128345085022175,0.8537806561721675,1
0.40251229884922624,0.635280988225828,0
0.7567999399618842,0.7777339125400151,0
0.0659499646974101,0.3981344024120773,1
0.24881345930904764,0.5807442103388485,0
0.7219042703535995,0.05412413012975381,1
0.4638260827657702,0.20371992050447885,0
0.018784501107709684,0.12177747674100825,1
0.021425181517789715,0.5519890469616798,1
0.9993346372450698,0.6523704271114344,1
0.01877472894951926,0.2187928154940154,1
0.08414403674908777,0.23151189731825683,1
0.903615871578354,0.45530472229735364,1
0.28860289960512653,0.08290837450282407,1
0.8086284830715242,0.3831805671287224,0
0.014001729022553477,0.2169198026644622,1
0.8712597266735834,0.9927558867251571,1
0.05563546148141063,0.2569917597755218,1
0.5687765273154273,0.33053110185476253,0
0.178263929600461,0.520714026100114,0
0.31498215783308503,0.13056008893120108,1
0.2826228136714565,0.5118148086312856,0
0.23839653606226874,0.49479205703098517,0
0.0708103125279369,0.23566737716539243,1
0.5858592680139204,0.3935998439992716,0
0.45075888683745535,0.9386035225685067,1
0.7628514470057146,0.38188777027100707,0
0.35461563114917893,0.7408707476143547,0
0.8754323062054697,0.10151571077785393,1
0.20217280627849932,0.7181338209896501,0
0.36894134864009065,0.9712989156658071,1
0.01503656626564498,0.28205252176176776,1
0.5855321274281697,0.437599736951637,0
0.7760056585719048,0.2537172279497856,0
0.677196312127477,0.5323610688413993,0
0.655937638248958,0.025941830329609505,1
0.14920787295846394,0.9803846665989818,1
0.7976696805383299,0.9586722567993261,1
0.7649129902603303,0.8278076424528239,1
0.10389181649861445,0.930434264777327,1
0.42119519390832727,0.1924561797221951,0
0.16050050291672846,0.8651755190079562,1
0.46602207427894093,0.18235073474306396,0
0.7798826485385069,0.2078493547257002,1
0.3850686036518489,0.47350223326018936,0
0.5308866411004302,0.20003376884062196,0
0.9285666123902748,0.8710573454944948,1
0.8882146623057207,0.23073950319303993,1
0.4901134586797101,0.4393661581455959,0
0.07585829306274328,0.8824599101969374,1
0.30668598981911,0.42447765395911075,0
0.4871549736467886,0.5334715514298992,0
0.2474189448910945,0.9935468381470993,1
0.48059227806524607,0.9387776400479478,1
0.21129496914573265,0.42367548903741103,0
0.9692847458458301,0.7106693349519757,1
0.9543611329240421,0.5011630760034924,1
0.6341975435060597,0.019231893601886152,1
0.5738036311351953,0.9178243516314991,1
0.7229389551332088,0.04183831219718004,1
0.7354637103794907,0.9776762274572809,1
0.39138021129646505,0.19318695752840354,0
0.5520398969299894,0.9871515198968123,1
0.4880412936289502,0.5413314496985674,0
0.40375767537364216,0.550540583823462,0
0.5275671564444621,0.5232386053097706,0
0.30286884111090495,0.9936427614607569,1
0.4354764214985596,0.9487285966619267,1
0.70457521409334,0.7936389859748184,0
0.42003048724015,0.911972290079324,1
0.3089120082361765,0.05716034037363271,1
0.24719176198476533,0.45408814865066927,0
0.3422403600527196,0.5751467847396962,0
0.4861019221585601,0.46421368965169973,0
0.21145490442110837,0.27881836577300856,0
0.7078720305475427,0.9081997854286682,1
0.21893823329540396,0.6322626897783525,0
0.20746980941180138,0.09952521107891721,1
0.9206696593574879,0.8007493188581463,1
0.4616063608461607,0.554602182219084,0
0.3311942311500078,0.6975335582445927,0
0.09536757873758372,0.9419128287884122,1
0.7285248594132517,0.29777010596562603,0
0.7815104063355036,0.39746377070326333,0
0.9603840582065235,0.8260071090352579,1
0.8757968087874388,0.13931950160662887,1
0.8091037528426923,0.3248931515693958,0
0.05421189728711284,0.14728377759288291,1
0.4188849869787291,0.5733900983105039,0
0.7427790283381522,0.23231920413177154,0
0.3335827630837678,0.24455768994930493,0
0.24039258051514,0.8052328505927167,1
0.8966265551597925,0.39564625814515564,1
0.793382767394497,0.3080593119995546,0
0.08284934582369108,0.6279862292575455,1
0.6826260573009837,0.8116725838844082,0
0.13497216370092413,0.6409085347860106,0
0.21980792011399697,0.5768401342453835,0
0.2585638994415692,0.42456280514770905,0
0.5853755497991516,0.8725253461688677,0
0.3995916069705421,0.7236856332905311,0
0.4026338654388,0.09383374237837239,1
0.6205337188338522,0.10390124928458266,1
0.7543677288126274,0.10275804499924024,1
0.41215335354131044,0.30855024474829185,0
0.7656339613872523,0.11591864192477164,1
0.7280561945555242,0.007515078242708473,1
0.041826186465152126,0.9295000782219314,1
0.8051206064326165,0.09564906906210113,1
0.49977254317208664,0.35637575404762145,0
0.4132984896437848,0.7798775936106829,0
0.4814570528568147,0.08831682332332569,1
0.14200263023525284,0.09135459976506444,1
0.21765619070420417,0.2175996762045993,0
0.03945498601657926,0.19777191764624147,1
0.791490960575473,0.8393815443228454,1
0.4786871690546495,0.43074853376708644,0
0.44591279897190994,0.6424979175415146,0
0.5330905040390389,0.9297624956634373,1
0.3405057221135138,0.29697833406843266,0
0.7682671240856532,0.3146574841050085,0
0.24602661321257857,0.46092306431231056,0
0.10725421702994387,0.1220409536747381,1
0.9190156061978397,0.05250864211678652,1
0.2724790087232264,0.728233590348073,0
0.34704181659934474,0.555727037183559,0
0.7986595579774417,0.13386621305625745,1
0.6936383378119834,0.8058945314422357,0
0.7045783316480944,0.9255037255627248,1
0.546642859202441,0.9799681873372416,1
0.18992230895092,0.8318471591682675,1
0.7636479335143526,0.5827093942218288,0
0.4323882096743381,0.3263054456450588,0
0.3899259079871996,0.6671158285966152,0
0.2918558769590218,0.5812930567406362,0
0.36318394968831913,0.27717527243353235,0
0.35399807362093083,0.9241010896783163,1
0.9939143087156249,0.7692257354148603,1
0.46133441434416944,0.8510684738930496,0
0.6889942035178113,0.2223996895047845,0
0.9427644338416874,0.15667090799515648,1
0.2495789285203036,0.6727114897481781,0
0.18886798108471547,0.9366372514928207,1
0.6942892042402841,0.6701235641556883,0
0.17599944991895367,0.9521318211661436,1
0.03345222516471269,0.3868174546397186,1
0.5878605137200974,0.3021016969947976,0
0.512207596193561,0.34008934178771855,0
0.48868785528846925,0.5236925550407837,0
0.6914863470185707,0.6491320652528546,0
0.9872993272362768,0.13253764536881452,1
0.14815652438592053,0.14518362196045165,1
0.6898214688463086,0.678255793503588,0
0.26585005991096544,0.5683801082332018,0
0.5914438555619442,0.08116854351297187,1
0.9289008953464544,0.9816433339413897,1
0.2981316897737706,0.2020860936433383,0
0.8589457052654182,0.6945021767804176,1
0.7420075296028499,0.37894516026078906,0
0.9358578131121341,0.7144647945478175,1
0.9573812177376645,0.9412448606694854,1
0.6185545789639963,0.485405087966883,0
0.5484927053310775,0.5312648451104975,0
0.747858365182132,0.8964665384974,1
0.7088892246031652,0.3106401297421254,0
0.11739888933974019,0.18664963806966173,1
0.1065925284475071,0.6787621428300272,1
0.7774946639348446,0.5312567127368945,0
0.2545094994185818,0.041360855100295746,1
0.1950320936810196,0.8436567367149209,1
0.16322186985091036,0.5978697458235982,0
0.06193880184471845,0.37620384731371237,1
0.46488082552893384,0.1200425763805888,0
0.2558847197803281,0.03595187677040512,1
0.9476941170246604,0.6148017628401804,1
0.08266091762675187,0.11278339777256496,1
0.45921142744678023,0.09944528520953722,1
0.49427145585782206,0.14269858858400353,0
0.786599160758165,0.8068358520436837,1
0.3723000120051355,0.8054518286451169,0
0.12093367887551787,0.9110128913299115,1
0.13566592358397922,0.5275619145604884,0
0.15663190398938953,0.4231315980591669,0
0.6012682622445736,0.646106235492446,0
0.5633357642149467,0.7124614215431953,0
0.8657832150124254,0.26916859366841694,1
0.691377527696732,0.680489319825602,0
0.7772130176911555,0.9676453525816422,1
0.11030047715399804,0.749506981308363,1
0.9726877852561945,0.9469869804010094,1
0.5407522283008532,0.6414837232822435,0
0.2592293225517016,0.552844498549992,0
0.2492483462952615,0.3173951675005705,0
0.11788840861637617,0.49112401774071734,0
0.8706878764962339,0.12144056992402386,1
0.3537281084380566,0.09165751130475075,1
0.8699051597999892,0.3643328589875986,0
0.043654583914957135,0.15863608730856482,1
0.9811807695451215,0.31772461077024583,1
0.6043722168248498,0.17875529758386477,0
0.6678358096235542,0.08841571969611162,1
0.9942287318244749,0.5001788760432706,1
0.19550382899420182,0.6914428022279703,0
0.9002191889715127,0.3135670979592281,1
0.9530623990241637,0.2584962693838001,1
0.17919325506846806,0.3465002144165359,0
0.6101482162054679,0.33344320516421055,0
0.6907176332215913,0.2700304305771347,0
0.08696027818322793,0.1282234438672698,1
0.9332020604108255,0.7790488465817003,1
0.0962263540739442,0.8673515359897637,1
0.9471881804420424,0.21862987224249997,1
0.6630835789387289,0.9445392972780456,1
0.7585313229929633,0.6408233394274407,0
0.5914710216682488,0.3627350971345521,0
0.42587566752642647,0.9681499485215237,1
0.8710848310270665,0.8266552576708399,1
0.6155395411857761,0.08373923745588252,1
0.6350877270521939,0.2547245761245044,0
0.8735125978090045,0.8879421993642045,1
0.9165246851959863,0.247424312315765,1
0.548894746812478,0.5316591425970597,0
0.3730404173548435,0.6939939899629415,0
0.5441826749638947,0.8228621282320495,0
0.2190728753877097,0.9990562982436966,1
0.30047264065841495,0.21920527895570308,0
0.09911719385730122,0.5397892947344977,1
0.10956191235134438,0.4518961443198768,0
0.639518730283782,0.2582682472590252,0
0.6949739540221103,0.586400674729315,0
0.02237517435362424,0.6702081542635727,1
0.13115818305582816,0.852748512060224,1
0.8963938100690019,0.14049535189874618,1
0.6367014533122517,0.9015332586386477,1
0.12606595646662455,0.8785627407075564,1
0.9089291409744451,0.005927249982710436,1
0.7155105105178641,0.4710197145243795,0
0.6675657229045953,0.360867951738738,0
0.8340467392336012,0.747039371119943,1
0.6954024326347789,0.6297399925985167,0
0.8333442758038715,0.7312541065534357,1
0.4073539687252422,0.7158202871505136,0
0.34526793325237515,0.7041119635585982,0
0.6312151936459932,0.1059736970477052,1
0.5709442592201771,0.12764199760782613,0
0.709972903083689,0.6533295789638013,0
0.045067627574679414,0.266062046087425,1
0.7934279741978013,0.3187347838989859,0
0.21674775730660167,0.8269071503287158,1
0.13920761038843166,0.8757633882909848,1
0.710543395928239,0.6309075322046923,0
0.5075655754092392,0.6297091471087338,0
0.2240969323413846,0.17639593702294476,1
0.5355744351863609,0.14642630520556843,0
0.8677550439343911,0.796478332137513,1
0.7018264837326508,0.4205886207900523,0
0.6796909382942214,0.3746312122797837,0
0.41862969372416936,0.3143226239074839,0
0.7805243648650357,0.9180711554658948,1
0.9924476644501132,0.613933669249957,1
0.6707179972890182,0.5955058363201319,0
0.3241356832000917,0.5254773524249507,0
0.650805575384023,0.17278245823090121,0
0.8382640211595292,0.7595286389638369,1
0.0031336788864096965,0.01701467938133694,1
0.646230643260876,0.6830726263215593,0
0.2438216429143526,0.9393565228199003,1
0.8704414607578453,0.9296024239298872,1
0.3408650504002001,0.276443984306029,0
0.6311631721477785,0.7345973353687891,0
0.8060517798413555,0.3114789883176735,0
0.8897371751310756,0.03381159016732893,1
0.9461886681335259,0.10371332337777561,1
0.6064462516480656,0.8958253154894219,1
0.0477286420565034,0.11095884482661011,1
0.8980286000162299,0.519346871289776,0
0.7739381488708448,0.35698856197314066,0
0.006185727557878162,0.014359241520921606,1
0.9816570422419544,0.5091502740162659,1
0.17947036305668784,0.2802587954988087,0
0.16955128795458418,0.46236219437408943,0
0.15591385966637716,0.1318597396746911,1
0.39532472178191513,0.8108823204121014,0
0.9603697445177359,0.7234483212125646,1
0.26679631690911065,0.23390374488541021,0
0.10149911118768418,0.9840175341608747,1
0.7798859962367048,0.46371404589202037,0
0.6420346497583767,0.6351109213018017,0
0.8406880549228427,0.9020837720866757,1
0.75729651717813,0.5635427532913703,0
0.005131357488099675,0.7027231417572005,1
0.5622845323895461,0.8755863657036106,0
0.7211881328025467,0.8139750529428516,0
0.9236531491635234,0.727109042770987,1
0.14216084763614878,0.24783923421688758,1
0.9677941949431046,0.08928929061459323,1
0.8639939006301403,0.2725334437169016,1
0.538808623585018,0.03226295624483133,1
0.4762288315573521,0.509030719034055,0
0.2750859021140225,0.8442849469605704,1
0.3204968014884191,0.9349786551020194,1
0.4460698514109366,0.7096205570487405,0
0.8831708338955028,0.0009198793619115131,1
0.44136729479438586,0.03570051878977265,1
0.5176437831285349,0.509445431075628,0
0.570928368567737,0.13210194622459392,0
0.9295929874858226,0.13660269315514206,1
0.6671782166180976,0.4912945454723182,0
0.8904005531641128,0.4356905992812421,0
0.8541037199496923,0.8057798477996572,1
0.15545467773388855,0.9770292511241587,1
0.23831757980695245,0.08753788476551383,1
0.6574543641733805,0.9104642485491962,1
0.046975365162216676,0.4070628339340796,1
0.9801971102804005,0.8912219156331341,1
0.9608847906769344,0.9555022887009186,1
0.8191677384424394,0.8111011316416069,1
0.3888183816275431,0.40764628433931116,0
0.4396070170738743,0.7497768749798327,0
0.6008789741749055,0.2868409198427274,0
0.49763873721850826,0.22290661175397353,0
0.8053372453831048,0.2547301685766751,0
0.28071698401417333,0.21079121513140464,0
0.3927227144174533,0.0624847651285233,1
0.6943550479789239,0.039944220846034884,1
0.773654303441844,0.06980976915009118,1
0.5399796051583462,0.9392437475526201,1
0.3214452044546007,0.4705744214260307,0
0.9852898413055471,0.319053039278663,1
0.4815487881622216,0.6949824672588509,0
0.2666924579698755,0.9036299316299702,1
0.3427466243077949,0.6020109875051616,0
0.8914542605599083,0.6789863380126517,1
0.8788349187496386,0.3204353058461443,1
0.3401139901099751,0.7300773111288494,0
0.04566030002480004,0.3003230413959328,1
0.9018899873360618,0.9488121782290821,1
0.870981601210638,0.73504776715897,1
0.08140103407117505,0.6204776138548658,1
0.42103053527674883,0.4008910921600838,0
0.4756578294695244,0.8254307992080395,0
0.4180172424601981,0.040811775593820654,1
0.1445948749726097,0.5621441243707448,0
0.7910403981077364,0.24970801598361436,0
0.1660354447186133,0.7397742311703778,1
0.34461597561523616,0.028432507278990715,1
0.2632562013825728,0.7712968227481898,0
0.9727099512494203,0.2496138574020984,1
0.857230311661371,0.30051530565552964,1
0.8913806759034372,0.48969039587717433,0
0.5828608177853195,0.9733033815652786,1
0.15455917329809987,0.6737234886977852,0
0.4270316241659219,0.772813793704045,0
0.20838194715389546,0.285133394554834,0
0.8316328682691867,0.8217269171465952,1
0.6797300555795227,0.48004212744198493,0
0.34141965300390176,0.8697892386930471,1
0.26926019836940585,0.8658474910589934,1
0.8715473040623254,0.52553067234632,0
0.8818943917656368,0.7918698879633279,1
0.3932654549946052,0.4104730903914141,0
0.42003958580097245,0.3650329163972099,0
0.4017661505157287,0.006208521860035732,1
0.8527983308104781,0.779301430986235,1
0.08267171265181994,0.250544631353504,1
0.8460386440480562,0.15233411779645267,1
0.3767620171796926,0.19602964160587544,0
0.4557140766891764,0.1546146243759572,0
0.6285157088482134,0.5576582826095615,0
0.9262984655129092,0.48894729033245465,1
0.37232431977651614,0.007664979657927673,1
0.20860423837979591,0.9834268416001422,1
0.30270776489311957,0.6871519163779214,0
0.011178950309520874,0.8047638304899833,1
0.7353954789585917,0.5707218694492505,0
0.5859668756741417,0.26079719420943115,0
0.5688734287957888,0.38698220370566483,0
0.1231621425350643,0.6361411902157434,1
0.4869304024075948,0.9659616113866062,1
0.6676973840104425,0.085453098756894,1
0.7802137555419323,0.4289724421645037,0
0.2282303998567191,0.3373216020833224,0
0.6310913022368951,0.4769486703978244,0
0.32287491657726375,0.6750404768794921,0
0.07720086751635968,0.9574275865888057,1
0.07396624265480956,0.28543289558811924,1
0.7565786404750228,0.4578598852642346,0
0.2583547836134037,0.0448504480388594,1
0.6370893430106619,0.4057812887637593,0
0.1691765895984696,0.506530043062618,0
0.31312841224178545,0.007810697219839846,1
0.6014457132831873,0.004817673202521133,1
0.2832445421809058,0.9151586947867796,1
0.4356387599892396,0.7861920558719464,0
0.3540998956935376,0.4174066165660033,0
0.45973567025430273,0.02677919418550101,1
0.1241246970038894,0.1457059151498864,1
0.9075086060640046,0.7125542272803732,1
0.396101285830877,0.4954628734905171,0
0.14552159612385462,0.2780212590314153,1
0.3932414380890422,0.7344709333453697,0
0.109735041480852,0.6055893388218874,1
0.8534903553740759,0.32966960645683896,0
0.5909274971124069,0.46406268294403974,0
0.8779932009258182,0.11991783307196724,1
0.6284058937328201,0.9682804419047357,1
0.17298473409531645,0.2077114902526127,1
0.18269437036367953,0.2231221967531941,1
0.7301337417500527,0.8026803111975139,0
0.43044377694761726,0.4349430696322305,0
0.5866153176115515,0.5955388163378541,0
0.6511129059674239,0.3108110301314492,0
0.46073986881598505,0.46657264358332573,0
0.09964852855803352,0.7493197037382274,1
0.865446003365256,0.54566058603556,0
0.32871129824520906,0.8008118404914897,0
0.9261220269834943,0.03883300961623237,1
0.737103851900555,0.9663648187886597,1
0.17602870796394776,0.7191306834281109,0
0.5727493491259814,0.3305846364301843,0
0.3890032036463008,0.31342525185378745,0
0.06522676471828992,0.6495298504217939,1
0.6611935508129855,0.06301920702287667,1
0.37905184672933945,0.74590419440893,0
0.2876482314383709,0.0031040293888924264,1
0.2571199448340209,0.3363354221917594,0
0.10746167905571447,0.7952123135339609,1
0.14345418694172674,0.17115507037358324,1
0.8681565697514018,0.34467961922246393,0
0.8914386074769841,0.9013697142118249,1
0.29546424624880374,0.0752414067227809,1
0.13679821114394553,0.8139620222306789,1
0.6715405268770116,0.8785053304970941,1
0.28592913066562475,0.07318886834852101,1
0.8439827542582389,0.10792698882782703,1
0.520086661231043,0.5934124195828655,0
0.8071040531571636,0.8003953820515526,1
0.2618023918502549,0.8809242046517652,1
0.45050907874599344,0.20578503540314064,0
0.4640050959833595,0.8657030638541207,0
0.07786268755067915,0.282137533329027,1
0.9044989277575479,0.8150165834813901,1
0.3200490364246834,0.37927853372274567,0
0.354998297441408,0.8456156269468579,0
0.5480707836515935,0.46548302980523903,0
0.9523712664270112,0.3499357574228027,1
0.11469925825571814,0.13463127827604526,1
0.7825916268299952,0.9570551275801583,1
0.5743142429766219,0.3467830371876922,0
0.04442165836869216,0.042183467858540546,1
0.3347308882937885,0.4037917985120745,0
0.43177146434350655,0.5117662081936639,0
0.32221802962877544,0.4166230268071702,0
0.8202715594941714,0.9584512446544649,1
0.447383851232801,0.2557321389298052,0
0.3776537707790433,0.10386638698304396,1
0.9068553869931052,0.9943831959392458,1
0.6563642546079256,0.5013989770163485,0
0.4048954680434481,0.03772690465155337,1
0.2601133272461721,0.17723300533500108,1
0.7678064927956865,0.49450738371875713,0
0.4972323847765502,0.5815672282257234,0
0.4525857719743145,0.6443277712257812,0
0.9007587143399789,0.7863930166073135,1
0.5564671842555715,0.01834934543347244,1
0.10246133325800955,0.6938710465683687,1
0.4981324161055243,0.39663519906752864,0
0.33522657274742385,0.8119501506336745,0
0.08541429649279952,0.3253474755829895,1
0.12638355353513853,0.2808961797106677,1
0.722448910672595,0.11949823161573436,1
0.5071935268573234,0.32584277721692545,0
0.5240486203996708,0.5125412019457639,0
0.17791626856041998,0.552458877267583,0
0.842359830281865,0.5216881218934568,0
0.1731963194906584,0.21649136221640053,1
0.4776866603271124,0.3520981115442443,0
0.2359028950846651,0.5357089216278327,0
0.3487212358297309,0.32771682978730754,0
0.501367334996162,0.14502158772112617,0
0.5009620824576564,0.671629769987084,0
0.9712075132346968,0.2840064198131126,1
0.3840072794977648,0.19525978646627684,0
0.4640840336082618,0.9908405489881031,1
0.40348435492312074,0.838608687165765,0
0.07954352180407676,0.6383893791271763,1
0.5752612913585188,0.03200131902603931,1
0.20320890445424122,0.8398117904040425,1
0.4415681569154084,0.5136888791385832,0
0.9907477687558998,0.5278997707726306,1
0.9663850420109692,0.21075734382365818,1
0.8100073332080648,0.7424641360407636,0
0.05131472431528583,0.901831010001433,1
0.8363322763211514,0.691744260383018,0
0.0775872242496275,0.04062547353734891,1
0.5187190398278283,0.3593204907362597,0
0.0515955131409479,0.7528756929187703,1
0.6350974947047933,0.6251555823201431,0
0.10087185513228247,0.5864026486523923,1
0.747736722453412,0.40887513814726206,0
0.5075001530208084,0.9595503293426975,1
0.6610349458593584,0.6607804865552912,0
0.50807996250859,0.7136425746250187,0
0.7358873247316788,0.2615649588606327,0
0.3778907337357774,0.44505543658713187,0
0.35944473627080786,0.38345977570023737,0
0.6867563512748226,0.6609078829033104,0
0.9117643301074405,0.7437772156932568,1
0.34039121617879275,0.31257176271810405,0
0.35327320903023995,0.005245792736957466,1
0.1434864882705582,0.784247594092036,1
0.7954128900875744,0.8543286100480459,1
0.6447917454216563,0.7484388149340806,0
0.33171429327145163,0.580131888764537,0
0.10702961836768699,0.1415713766941037,1
0.8423953182055584,0.4329113189102536,0
0.48192455613622043,0.08901529682150222,1
0.632924235798307,0.7453336964102314,0
0.819803270645296,0.042039114798256394,1
0.89144416573707,0.6591068508581438,1
0.2649263505783751,0.674512180537677,0
0.7389996268230115,0.6544852472471065,0
0.05444335997393557,0.07207045694534575,1
0.7307828988092565,0.020591965753344654,1
0.2679968661138309,0.15860800426911636,1
0.22151863360634638,0.251132928950069,0
0.9936180451437426,0.6057415871709781,1
0.9632961635898333,0.002800845444545952,1
0.9073322722433576,0.7280540773785461,1
0.5479672625823295,0.3307205803587837,0
0.08418418516380954,0.045664725395571426,1
0.33718728845053003,0.9530275161188849,1
0.06330484224389443,0.7124530210009125,1
0.7955326810353733,0.5727461897128033,0
0.030196866689171764,0.8400560124922744,1
0.128419616781263,0.29978860845793287,1
0.8867061276705299,0.39992247052673857,0
0.2305064203340147,0.6256367255511696,0
0.5946060236932497,0.9854412415638238,1
0.4461909698960308,0.9190263360627754,1
0.25867641302310007,0.9024316052549641,1
0.05196330812420591,0.09800867240890454,1
0.8740274101957817,0.7215988312500472,1
0.9632667884522131,0.12527875235435104,1
0.8222127566772409,0.456088489846191,0
0.37339393008804667,0.37023386033931827,0
0.4091376263907559,0.3839181276181307,0
0.8013499268104418,0.20744983804436357,1
0.010961427114999367,0.35858129259702376,1
0.11935621382924311,0.4318230730379403,0
0.8491691421488589,0.7284421390055078,1
0.8814880308329924,0.6154341608286703,0
0.6605636602725269,0.19936777994944,0
0.5906770223627918,0.2488348695070629,0
0.44940432077040293,0.8006067746216036,0
0.40348251492927245,0.8162612479106895,0
0.2930505433063747,0.5566716389814708,0
0.8450309869156286,0.25300696360703734,1
0.3253784739537806,0.5318454617457681,0
0.05296615088489265,0.8932761436475246,1
0.10237705163283184,0.5238785575209921,0
0.23677022346104126,0.3292685579509701,0
0.7671311387669042,0.44961177523788476,0
0.8531821676123084,0.6391654483891552,0
0.11822735765205572,0.42577060262075517,0
0.10284427875508417,0.03895502955653318,1
0.17312999851805522,0.153898122480995,1
0.6031121240469481,0.9364068498240804,1
0.9539701231692138,0.38797362641869293,1
0.5676911332904372,0.8940964571729583,0
0.4495961470763107,0.8276130450196671,0
0.3531544771517844,0.4288517830368703,0
0.9346819184661167,0.31961309689956785,1
0.2972944534551992,0.1995358492440623,0
0.8407383875542612,0.10780699899434609,1
0.8428633671828782,0.39861755032310175,0
0.35139624550432513,0.31015887672164366,0
0.33896564761206627,0.012756995073305744,1
0.5180973134642998,0.10878129479981347,0
0.2662163905963225,0.9584617238729075,1
0.2987151640646557,0.7182428798234568,0
0.9001715072478762,0.9306518404892864,1
0.5366138067611801,0.4198915750987028,0
0.30545323919397904,0.948939834997541,1
0.4603201456516979,0.982928534869554,1
0.6905975618784077,0.07329640872538645,1
0.00429094549395026,0.3426743319639367,1
0.9796695255118417,0.3093429443426988,1
0.4601960776165752,0.2644412136644563,0
0.6190747708376577,0.8722805430394991,0
0.3347451139262315,0.5199934532664853,0
0.22515032135845747,0.9732320727253299,1
0.9843735078188913,0.4907839847595895,1
0.8773732981790237,0.342824843487018,1
0.5899189070323211,0.09111419314824964,1
0.010508996734097331,0.5691257870819507,1
0.34823964903650884,0.8266109853773304,0
0.10074585588141471,0.20395955817492506,1
0.3129730321945645,0.24155862061753552,0
0.8716755362933363,0.27116629780668955,1
0.8797690945766794,0.23160222836829747,1
0.03431742635758539,0.7213313048637582,1
0.9132697967399813,0.18746806444684327,1
0.5517020282037711,0.8581859913802856,0
0.19646587316032804,0.48946277135168137,0
0.977761998061209,0.16770595633662733,1
0.7861061234049094,0.7750296038067301,0
0.7690231729496807,0.39092109590883783,0
0.44417554113310687,0.907796235217363,1
0.7055495207124907,0.19751900002941492,0
0.6292943529584197,0.1860753992403028,0
0.8230164538083803,0.31809913322085315,0
0.013612947909031892,0.23619292883035214,1
0.8824125576453256,0.773961108211089,1
0.9087776646524539,0.5868179076730624,1
0.4207394070089756,0.5727848764123339,0
0.6722194097805669,0.5649518580552947,0
0.11682111381357685,0.5205876016865613,0
0.40641790067543315,0.9896982624788798,1
0.23104241380717316,0.8528711145927215,1
0.07714055367959805,0.17129854244665854,1
0.5684343455183141,0.31526002832360034,0
0.6611371703426817,0.7441036071854167,0
0.3794574038961116,0.19252716735900932,0
0.6143026636297698,0.574335951052925,0
0.8907353660872974,0.946172152055578,1
0.29882530558387244,0.5275836518947722,0
0.2259373406987143,0.22960736760956246,0
0.5053796981807279,0.6351664124354572,0
0.3206218546680827,0.7818578128101836,0
0.25034836524076154,0.8089769102953944,0
0.17453214325041466,0.5061716624795336,0
0.3696893778380336,0.3433256486055739,0
0.4002371842185428,0.40044975042355513,0
0.8120469004626835,0.9150386243944012,1
0.24680253971241006,0.06593302878275409,1
0.8046361804831544,0.8199487217839547,1
0.48204401648490725,0.9852355548549396,1
0.35357999552617836,0.570219631620668,0
0.5470715006206553,0.41956445480612703,0
0.7391528514803721,0.1639584360724725,1
0.24529108804093847,0.9887131935341474,1
0.5330129519588788,0.6574236551462463,0
0.04518461951790198,0.5234345156367767,1
0.6063323666999542,0.9639105722139489,1
0.02002015033057647,0.4349124592929624,1
0.23934129794543024,0.153329078994613,1
0.22195620543068584,0.7457279602039131,0
0.1141974284428725,0.9552055211725784,1
0.6378875576694331,0.7519196244086732,0
0.6491570303125677,0.9148351346832531,1
0.4853236985798999,0.13821803300037716,0
0.929475723475509,0.2708296703787463,1
0.1646760341268113,0.3619706928048392,0
0.5614518612841244,0.5157719577387572,0
0.5462517609648971,0.7157443479487214,0
0.10452638026356453,0.411180845846305,1
0.19219679592025674,0.02981684805035767,1
0.39678989778214924,0.9229819058948667,1
0.42429078448686774,0.49150126734003885,0
0.00926754370593963,0.15746645597550035,1
0.8060452004038879,0.1790424355489827,1
0.47494245098102195,0.4586775666473848,0
0.6912892527581684,0.4064117859185109,0
0.3856740349995944,0.5921079316397919,0
0.7574436511000259,0.8585651111982089,1
0.5340585364732595,0.3656846701730171,0
0.4215840371746742,0.008912065299525262,1
0.34629038125068334,0.4863043110707488,0
0.32329766269961935,0.9528208600633985,1
0.7039455378802647,0.9194809636757489,1
0.555197307467922,0.49642827747593055,0
0.9110803861886894,0.4394167071244034,1
0.8522392309729194,0.024825043953213832,1
0.9593245799415328,0.8344131108799846,1
0.38376652701981573,0.7890633255893372,0
0.373619159956206,0.7268031728359264,0
0.6205316585555685,0.01896812368936296,1
0.9970653381657097,0.10075932574719904,1
0.688655936846374,0.7011516712890955,0
0.5569225697381596,0.3915924676630572,0
0.37280069467577415,0.8172613425654655,0
0.8833797248597001,0.9338138154158108,1
0.8181322003983207,0.694026639372787,0
0.05327350518644314,0.3176267346853604,1
0.186816024378207,0.8256579514256323,1
0.46809765010667137,0.9413401832258665,1
0.5054776798388146,0.6110987647580305,0
0.7819951529205436,0.6166651176959818,0
0.39940425107821376,0.37462801367798393,0
0.19631801581161024,0.4351424786672663,0
0.6945758605789173,0.703778986603261,0
0.1186089260278298,0.11130870601222587,1
0.38913056104598887,0.6514466186282515,0
0.203407867724131,0.7389606654748752,0
0.673629667360327,0.893493741765709,1
0.1462534010794304,0.4805824048484739,0
0.6013905129208464,0.8914326260867201,1
0.8471358819765822,0.6692574044413901,0
0.8177815018156296,0.5542170057578056,0
0.38340092790877756,0.6966642280228363,0
0.478897563568902,0.33887552057310966,0
0.17894310598397833,0.36610736476181394,0
0.014342593425656136,0.5514333716096201,1
0.6459362478365523,0.8368680531261686,0
0.19507369740064717,0.5881438578845759,0
0.7297497653398309,0.11572443327003301,1
0.7389244257603654,0.21599844295874882,0
0.0037831597267410366,0.941178655949509,1
0.8814899076337909,0.7846374820984567,1
0.47171689057811494,0.5914488733289943,0
0.7404999009522942,0.6585777448924663,0
0.38114338978232076,0.9185179563935877,1
0.4457225068691417,0.7072103208974935,0
0.21706519648028555,0.8572811862321551,1
0.9411528211163849,0.4528572804599439,1
0.40986002543337263,0.7151116748592009,0
0.13352646237979116,0.3636301076068743,0
0.7964148597836329,0.7980926578008051,1
0.8953666496931229,0.32327936340139496,1
0.9908982482101333,0.9995816015567545,1
0.8001717915900859,0.13746082903065682,1
0.6587483800181568,0.03641648617859938,1
0.34220473970177734,0.7061453928504207,0
0.2649755977299493,0.0917681665003478,1
0.9891918451906297,0.7842647975605374,1
0.7087090473290335,0.7997749256573292,0
0.6492644621952333,0.5864743275219935,0
0.73102045500454,0.967113396458083,1
0.11687912567786352,0.3483867653521182,1
0.8900362461829163,0.9858375783661039,1
0.9794375582742991,0.0646915442885092,1
0.0011837198900530588,0.21708871781315042,1
0.8318201994696695,0.033781206415616216,1
0.7211333259205098,0.49548618150880075,0
0.9810010504314088,0.08999286762291037,1
0.7478602827580028,0.6634813981466696,0
0.7246427550602266,0.05042783235501436,1
0.5250267729584943,0.14920260399930096,0
0.6716919257349837,0.515109650072252,0
0.3811842475985302,0.39470203650091007,0
0.7967115504315738,0.8711903624135404,1
0.07054918398499899,0.393065463637582,1
0.213595504230917,0.6853513707425984,0
0.8599195364282168,0.8453771615190451,1
0.910935961786878,0.9013207281511602,1
0.6720819266454198,0.7211850624867365,0
0.8763504444055926,0.5574726631685364,0
0.8633774234126974,0.790518001645441,1
0.26559890496160565,0.718321588330957,0
0.44167676682635026,0.5632250020250905,0
0.6057649901051745,0.18739849500131966,0
0.020820791571194763,0.4063081285387744,1
0.5520779031160103,0.9371561232474563,1
0.5339671715403798,0.4290547128736255,0
0.020472690857764375,0.04308421825602149,1
0.10662633572783908,0.6923011876896593,1
0.8165753330342367,0.4682708965811875,0
0.17519660893980127,0.8673334481436209,1
0.36900676606394744,0.5770543606225662,0
0.3902646366192486,0.7825499533180219,0
0.49927324594816147,0.5355264808773844,0
0.5448318719094515,0.0668258171445475,1
0.49791094300011385,0.09748009143696057,1
0.7622570269514521,0.8766061819623082,1
0.5881109052109034,0.003045514768944102,1
0.43888482398026185,0.5219448649935531,0
0.42723175639272626,0.6536224195375584,0
0.9555097751875505,0.35447311126372294,1
0.15712722086417708,0.3304999007372422,0
0.689481500908628,0.574485663274045,0
0.005872741580972285,0.5286361352690359,1
0.36552849203634075,0.15394758617624116,0
0.32748743142594083,0.4715247604304642,0
0.18611676039515546,0.5592249757264333,0
0.4747601628617246,0.7050705120184425,0
0.74873147467324,0.7632858935361376,0
0.03097616025711336,0.21578504773571194,1
0.22350922153212716,0.26114975968649523,0
0.8684434797287649,0.5333468169176651,0
0.16106946233605046,0.24593493706883263,1
0.33668246845893257,0.21617932122626193,0
0.6074665571722271,0.5112693213064881,0
0.8541195426153463,0.582422112802668,0
0.31576544416351815,0.13199718535057336,1
0.8959644377851373,0.5380331009391753,0
0.4758690560496549,0.8493404894139308,0
0.16145414322069063,0.15568462832466456,1
0.5671067145759667,0.5445514935353963,0
0.8297305783678693,0.8297411144808087,1
0.06442166605630129,0.7094853424014377,1
0.4681596145473934,0.15159967543114672,0
0.7225100808233199,0.07399404119199648,1
0.8190228118132175,0.06553044348807668,1
0.615383924960936,0.38246537831369076,0
0.188285929852684,0.27635417056515055,0
0.014004005782643048,0.6259051082901933,1
0.5992929074440628,0.2998813071260771,0
0.929311950181745,0.8436559614094885,1
0.9359240975058678,0.14161453490888465,1
0.6808878537115555,0.8827138581717903,1
0.9480053467791042,0.7031859649523342,1
0.3134412496518135,0.08952127567439094,1
0.9931580121933222,0.31967089660199155,1
0.7264385794982391,0.9393160639932111,1
0.7221521261097161,0.24603004969362163,0
0.8089844841641277,0.5955215599615558,0
0.08333071967165784,0.8048472562412735,1
0.18626830381989723,0.03134358943861515,1
0.18200652207390045,0.02317082216287747,1
0.6288949810096336,0.25300571615148915,0
0.5239000926741583,0.16024695789224186,0
0.5834086091472335,0.22176598430596994,0
0.804191907388931,0.08632130488293166,1
0.35994469632759196,0.5443872813366943,0
0.11703870444522879,0.500012529258532,0
0.5490378998979416,0.8128989385520866,0
0.3186362131266186,0.035420497424554775,1
0.8185703512404768,0.2686375041187966,0
0.10250892663403077,0.8546531186601547,1
0.4847112971320582,0.38429336912030476,0
0.1863360375426295,0.8783853971840557,1
0.45363538737295106,0.35895256321502,0
0.996311805116989,0.5208908443100987,1
0.1949630947879506,0.21133891329434418,1
0.9848149689441091,0.3856881482972204,1
0.25646763031685726,0.8879327187823174,1
0.4591725882641674,0.5152919589607851,0
0.2910573023037125,0.49102608933188896,0
0.5294051028494091,0.4676595810687951,0
0.0971663551728672,0.8543325342262222,1
0.6890114232587973,0.40274456655304414,0
0.2514113343276856,0.9290390289982035,1
0.6777178916989508,0.6406276812704119,0
0.492792946905263,0.28250153489984264,0
0.6826185527098985,0.766227301912249,0
0.040237017440662215,0.326314707736694,1
0.6296582016680703,0.14665270648468187,0
0.9562159232849031,0.13115007151128233,1
0.27217771313965,0.8206963876691014,0
0.6802727130028383,0.46693775917260505,0
0.1436273939381323,0.19273824303784737,1
0.4540755409403462,0.45692276384951036,0
0.0255649634352606,0.2568540280004855,1
0.11171432178295748,0.37686365798978727,1
0.21669902889771897,0.10299014209953516,1
0.5667878881101467,0.7877871238431597,0
0.3821694932957932,0.3690689019599719,0
0.9052813649524494,0.8209977681103311,1
0.41000147632938877,0.22775228003392112,0
0.203474646151923,0.49999284619974826,0
0.3827246979027439,0.39972660624398815,0
0.7893058449342759,0.8947793048155493,1
0.5779501458004005,0.37911919422844154,0
0.19183288595537806,0.7693274884255366,1
0.730236439849536,0.15031961741843736,1
0.2850911062390039,0.7692698618522418,0
0.9488611440725762,0.8269701125213821,1
0.3986858100335352,0.8694550275389235,0
0.9688514905570625,0.8654937985653054,1
0.9287875480225798,0.03563286648153141,1
0.15657983860770763,0.07815341079458993,1
0.5923857133347085,0.9586949137685762,1
0.11164711128152738,0.4909648784038292,0
0.6785888983427812,0.568859240608269,0
0.33072245668566014,0.16020885271001928,0
0.06639598323572526,0.2922082097229345,1
0.144397890559812,0.9380138938355068,1
0.6142203357550982,0.8080673913300216,0
0.5410549529072599,0.6684231593334368,0
0.7950595717662453,0.7476603175410929,0
0.5735878796240166,0.41085945155089865,0
0.05254137404387582,0.3228395955289657,1
0.2913305619482591,0.9509015709718083,1
0.11829965248994234,0.35781005401502963,1
0.5767288550010938,0.9043775267934858,1
0.3391953723357338,0.1607576751287051,0
0.6959884531572342,0.4675163061683768,0
0.5123907865410182,0.12568098967293828,0
0.20851439202791566,0.5517121821255424,0
0.4065241589759887,0.2772397224377051,0
0.6449114667965293,0.701412560065259,0
0.506871683932501,0.5780659543600442,0
0.05305445874828052,0.7358432523355528,1
0.362126057133938,0.8509690348479602,0
0.8547511357033405,0.13581309703695155,1
0.16039270020809915,0.3213748962072137,0
0.03263945175850225,0.9402533692849653,1
0.5455703079589488,0.6791840421992525,0
0.4486016487453357,0.6168523638513458,0
0.5188150405781877,0.9662955518167374,1
0.6669277763548507,0.244497941394615,0
0.551307378259748,0.7488812015997208,0
0.1523920597475733,0.7474463558653877,1
0.1958340523552209,0.14523928985494194,1
0.049354784135052676,0.9122157297715503,1
0.32597193062044505,0.3103543361090806,0
0.38696904388081677,0.22231542276080407,0
0.5766436577240067,0.9414385761459793,1
0.7822865530631429,0.6370934659465566,0
0.5160160801467903,0.8524819096174195,0
0.7310341047143712,0.5174327771267492,0
0.5733410761759175,0.6153300525181037,0
0.963935027503044,0.1961843766281084,1
0.9840190437800997,0.14974613617889487,1
0.502306062073786,0.2731972573719793,0
0.19895016104083452,0.6165674120925166,0
0.08591643896242096,0.04554804277419766,1
0.054393899049885786,0.7801760830130413,1
0.7266593578741029,0.4448752674310801,0
0.874228625130101,0.004647451848198703,1
0.06968367256172037,0.5791678387631352,1
0.6237160464377506,0.7964985163921294,0
0.78683123728627,0.8273895992809264,1
0.5324944442800734,0.21349565545518367,0
0.17164765550561978,0.5985841207542508,0
0.48892938524026164,0.38706945271460147,0
0.7776554893892605,0.2724443697477046,0
0.6436866520287351,0.09249280435034501,1
0.5916272485942804,0.5926857010454466,0
0.8825798756089791,0.06144441550995183,1
0.9498054216815447,0.5070198381724436,1
0.42730448233087137,0.0739225127441121,1
0.7370659997167144,0.9503072869838908,1
0.7872807252312229,0.6790482712827974,0
0.03897173737357129,0.744783417364771,1
0.20711087417765361,0.18649469332962143,1
0.7895571608971743,0.8345507864913178,1
0.022838048091890606,0.22630586897291693,1
0.8380353860521095,0.2953412682466904,0
0.6460949837943468,0.5416671096978567,0
0.33449727203965063,0.632856662128065,0
0.888672975908287,0.5017241919891487,0
0.29556450428543524,0.055549934324313655,1
0.9775590435083527,0.21906746452990977,1
0.4827582061390079,0.8987498387393946,0
0.4909910100156972,0.5748630820553859,0
0.5646725775933986,0.9616524648381992,1
0.9064209153607443,0.23018242575698988,1
0.5086167384364694,0.9899723530419454,1
0.35681631503674827,0.4638434100676879,0
0.6145268570982807,0.8294742302041015,0
0.04351787429574805,0.9323078170867053,1
0.14586019021771224,0.48214855977239823,0
0.7437607604081008,0.3017725554949746,0
0.8954336240957917,0.6447128235375666,1
0.2884836099802439,0.09445505161636558,1
0.98102379013013,0.33585504573582114,1
0.8622437139650853,0.5141483298468239,0
0.5610174082322974,0.49398590319243185,0
0.07804640010050823,0.9471894881400765,1
0.5120400963497148,0.8978427268852599,0
0.8855755971325907,0.26893537773866816,1
0.9541966562059794,0.6435141246146241,1
0.8041232895207323,0.1598310446527249,1
0.25323037169916285,0.7761162970325043,0
0.7545258930819827,0.5452484632533432,0
0.2887660924605443,0.7425046682170661,0
0.09161798983677694,0.026406552599897215,1
0.9476411210138602,0.12027412853876174,1
0.8685201714626963,0.3262851138896248,1
0.7556642355273455,0.7947938173327056,0
0.815922617438403,0.3121780142212167,0
0.5675883993992794,0.8383651801308083,0
0.5494044545122869,0.2933281906034787,0
0.1409544023967011,0.37423979524338324,0
0.6721531065931676,0.4528354864538696,0
0.7617212981203048,0.22296293028248004,0
0.7514976050375248,0.00664244610631004,1
0.35937999890099526,0.019898123364307185,1
0.6090882574153449,0.04205333940353617,1
0.9573780363865916,0.1492440805532409,1
0.11929115955741543,0.15802232318683407,1
0.3736634481797083,0.5399970563169901,0
0.42844299716487044,0.3825034404504484,0
0.9215566356313879,0.7188284697008773,1
0.4507048081829276,0.25839187365449223,0
0.6225244968136372,0.3844851353486951,0
0.5330829312804259,0.5511079561701128,0
0.15473373554875247,0.6759735197329151,0
0.6285927057558809,0.5301779054698599,0
0.6126995425328781,0.12336551810735141,0
0.7962546670313566,0.20085277818206615,1
0.5890143543448122,0.8580977622801165,0
0.7395297606473714,0.5721681894860348,0
0.728847068995405,0.501774536910574,0
0.30049234034552463,0.7869335169399172,0
0.021667934370803055,0.8484289795565342,1
0.00713212558005194,0.47881179938007745,1
0.5296852032297817,0.8861584946908477,0
0.8972755320301125,0.427721703342163,1
0.04126190277847663,0.7664916666965231,1
0.3122139442698796,0.666979028478908,0
0.32295748686594095,0.3280404086028582,0
0.31412324229995636,0.02837077638088814,1
0.9609475591495994,0.26850504685848664,1
0.05829868501249247,0.7047305869905858,1
0.6051837602204647,0.17938412704708373,0
0.2925423170978445,0.34236903044602285,0
0.3065004596269264,0.5945461331885473,0
0.4264490783654895,0.7961189017089644,0
0.054264981890150055,0.7278699597084943,1
0.8378498172212232,0.038342327805753196,1
0.757742316911701,0.28410704605996573,0
0.5532973828221196,0.7327581941254785,0
0.039440202264862445,0.6123342870029247,1
0.6320825860326337,0.496448814671378,0
0.07149547360600994,0.42935907524436345,1
0.5743656268307804,0.0944041014657544,1
0.6244280550682069,0.27003499688087107,0
0.4742061969319049,0.05011667498233219,1
0.13409959503825164,0.4237579775596346,0
0.5869580598421333,0.9168957769543163,1
0.46989259452639986,0.6258795498517863,0
0.6985848109401503,0.8022607607346166,0
0.02369907538931393,0.6803730894135464,1
0.9864062304981123,0.2637589555492822,1
0.40653220915481914,0.8915128279831367,1
0.6377217860543838,0.39995915165533436,0
0.9413376254791311,0.2522353166272854,1
0.06942973220380155,0.18423850568264177,1
0.2974320442580616,0.22138797050581105,0
0.9658889881429549,0.6239777604109503,1
0.8978505399406211,0.7396571164356986,1
0.15859737490721582,0.9083611703271627,1
0.10647941862549526,0.9815226885894672,1
0.6139301590169042,0.6312368454765414,0
0.6830192304689588,0.7950811950886435,0
0.4135019745492219,0.8960317368387124,1
0.19172982309292264,0.32277031504141585,0
0.39383499253125687,0.7041073003207844,0
0.08333073016605108,0.5349295968014189,1
0.18527751095037148,0.6026971860081864,0
0.37188809539444667,0.26687183422646266,0
0.6624682909325177,0.7052497025685391,0
0.8133644459464671,0.7029504307783228,0
0.0013290921013275891,0.5300027020482598,1
0.137316962542409,0.39183307545311163,0
0.28224582443611523,0.6914042709506661,0
0.654774982559194,0.8092257028654491,0
0.25357554509993785,0.3042919903039044,0
0.8245333604307261,0.03993389304298045,1
0.9170032535891351,0.42757169913717397,1
0.3568869147253735,0.044543372392018665,1
0.9613310319019055,0.3026287977297909,1
0.08019905554493634,0.7096510990266769,1
0.12017032812390482,0.1972791392225749,1
0.9779505714660901,0.08230348997129577,1
0.7949833020779069,0.05780128494640835,1
0.1813303394515513,0.1390282904995539,1
0.6031206738368532,0.5531565621916602,0
0.03793098654776095,0.2829696749248659,1
0.43871275440828517,0.39431909830097256,0
0.32554026242382417,0.8659563405973779,1
0.5482973632477677,0.5806199725979438,0
0.4091209784887938,0.12485969088596394,0
0.12429357140031216,0.25199683120347927,1
0.028731661470496328,0.24140618513786571,1
0.6407067054730959,0.49315162316899697,0
0.6200117135608787,0.3610727922647935,0
0.5929974844486676,0.4187947172558468,0
0.5836425555106376,0.7930735476995595,0
0.9725211120141952,0.4056740150400886,1
0.24700114631440562,0.46756532264814354,0
0.8938349590222742,0.3615976674773892,1
0.2309146820113761,0.850545559536804,1
0.443797692948409,0.17561901324469942,0
0.10947243522390271,0.06793872796136291,1
0.04599507039484918,0.6698124489039062,1
0.3811835939834284,0.4197345490811386,0
0.6742302553911064,0.0666225636379092,1
0.8267751148327372,0.8797776564177829,1
0.5586349575732019,0.1024785400648539,1
0.15465638707381035,0.3419243384081929,0
0.6101867396651235,0.9393984635842273,1
0.38827077106209507,0.34270523672488096,0
0.17016234336479874,0.36345928725030896,0
0.9328730652219132,0.26288382666097465,1
0.2517057781146581,0.4243329450974599,0
0.6947580191077402,0.4206795022900025,0
0.3115422649964644,0.35487937594077346,0
0.7920493084291015,0.8943525566762273,1
0.042546823521038335,0.14529087629486193,1
0.7106532622680994,0.16541516129805622,0
0.1446951893339733,0.9291541018564371,1
0.37340488975380093,0.6414184581406391,0
0.1796692342603644,0.9900179720001038,1
0.03719548252385119,0.9269137857307581,1
0.17247148103662013,0.49364999774116125,0
0.22067290874951595,0.7354117394942462,0
0.6399064993753256,0.8141050427935916,0
0.17579881948849851,0.7849890643934588,1
0.1680564739118462,0.1838316598129356,1
0.9883073625016792,0.7757101177265691,1
0.7242575032171333,0.3497719256755054,0
0.266882217964055,0.7661202476174059,0
0.681406650992049,0.23834222117623782,0
0.6229260386326937,0.9098545248901697,1
0.2431861881523153,0.992925047600719,1
0.9747549123527391,0.23652447515618846,1
